label,text
delivery,"Заказ обещали вчера но курьер так и не приехал"
delivery,"Где находится моя посылка и когда будет доставка"
delivery,"Курьер не позвонил и перенес доставку без согласования"
delivery,"Хочу изменить адрес доставки заказа"
delivery,"Посылка застряла в сортировочном центре"
delivery,"Доставили только одну коробку из двух"
delivery,"Можно выбрать вечерний интервал доставки"
delivery,"Статус заказа не меняется уже три дня"
refund,"Верните деньги за отмененный заказ"
refund,"Когда поступит возврат на банковскую карту"
refund,"Сумма возврата меньше стоимости товара"
refund,"Хочу отказаться от покупки и получить деньги"
refund,"Возврат одобрен но деньги не пришли"
refund,"Как оформить возврат товара надлежащего качества"
refund,"Мне дважды списали оплату верните вторую сумму"
refund,"Магазин отменил заказ но удержал оплату"
quality,"Товар пришел разбитым"
quality,"У куртки разошелся шов после первой носки"
quality,"Цвет товара отличается от фотографии"
quality,"В упаковке не хватает одной детали"
quality,"На экране нового телефона царапина"
quality,"Получил товар с истекшим сроком годности"
quality,"Размер не соответствует таблице на сайте"
quality,"Устройство не включается после распаковки"
account,"Не могу войти в личный кабинет"
account,"Не приходит код подтверждения на телефон"
account,"Как изменить адрес электронной почты в профиле"
account,"Забыл пароль и восстановление не работает"
account,"В аккаунте отображается чужой заказ"
account,"Как удалить сохраненную банковскую карту"
account,"Профиль заблокирован после нескольких попыток входа"
account,"Хочу удалить свою учетную запись"

